{
  "users": [
    {
      "id": 1,
      "userName": "user1",
      "password": "password1",
      "mobile": "9234567890",
      "email": "user1@example.com"
    },
    {
      "id": 2,
      "userName": "user2",
      "password": "password2",
      "mobile": "9876543210",
      "email": "user2@example.com"
    }
  ],
  "products": [
    {
        "id": 1,
        "name": "Product A",
        "price": 19.99,
        "description": "A sample product description for Product A."
    },
    {
        "id": 2,
        "name": "Product B",
        "price": 29.99,
        "description": "A sample product description for Product B."
    },
    {
        "id": 3,
        "name": "Product C",
        "price": 39.99,
        "description": "A sample product description for Product C."
    }
]
}